probability,prediction
0.9998775956483814,1
0.9993435044392374,1
0.9992220241044845,1
0.9942185593102038,1
0.9936014001615399,1
0.9933904787761978,1
0.9933029069526731,1
0.9921686899053849,1
0.991378766683427,1
0.9911910988763727,1
